[
  {
    "id": "0a2cf074-bec5-4c30-89e2-68737a7179dd",
    "data": [
      {
        "text": "salutations",
        "userDefined": false
      }
    ],
    "isTemplate": false,
    "count": 0,
    "updated": 0
  },
  {
    "id": "4632a6ff-48d3-430d-a2a2-182cc167e673",
    "data": [
      {
        "text": "rebonjour",
        "userDefined": false
      }
    ],
    "isTemplate": false,
    "count": 0,
    "updated": 0
  },
  {
    "id": "5d74c69a-8a6e-4a49-baba-fc3234e7867a",
    "data": [
      {
        "text": "bonjour à toi",
        "userDefined": false
      }
    ],
    "isTemplate": false,
    "count": 0,
    "updated": 0
  },
  {
    "id": "0be88230-955c-4b63-a4c0-2f5e5aedff4d",
    "data": [
      {
        "text": "re bonjour",
        "userDefined": false
      }
    ],
    "isTemplate": false,
    "count": 0,
    "updated": 0
  },
  {
    "id": "289609f4-11ed-42c7-94be-407d4c9bdffd",
    "data": [
      {
        "text": "allo",
        "userDefined": false
      }
    ],
    "isTemplate": false,
    "count": 0,
    "updated": 0
  },
  {
    "id": "4a1096a7-bb2a-458e-98a0-d261b3a7f564",
    "data": [
      {
        "text": "coucou",
        "userDefined": false
      }
    ],
    "isTemplate": false,
    "count": 0,
    "updated": 0
  },
  {
    "id": "33e91d4a-77e9-4a45-b4a7-efcc2ac8ce4c",
    "data": [
      {
        "text": "hé",
        "userDefined": false
      }
    ],
    "isTemplate": false,
    "count": 0,
    "updated": 0
  },
  {
    "id": "8c140056-e273-449c-afa7-19688a069935",
    "data": [
      {
        "text": "resalut",
        "userDefined": false
      }
    ],
    "isTemplate": false,
    "count": 0,
    "updated": 0
  },
  {
    "id": "140ff02b-3e2b-433e-92d5-f74a9597ee78",
    "data": [
      {
        "text": "salut",
        "userDefined": false
      }
    ],
    "isTemplate": false,
    "count": 0,
    "updated": 0
  },
  {
    "id": "9d589bdf-8149-40ae-9169-36a4b0ce7744",
    "data": [
      {
        "text": "re salut",
        "userDefined": false
      }
    ],
    "isTemplate": false,
    "count": 0,
    "updated": 0
  },
  {
    "id": "6b7a4dd2-fef4-4b45-8ae1-1cac0a3ba7c3",
    "data": [
      {
        "text": "salut à tous",
        "userDefined": false
      }
    ],
    "isTemplate": false,
    "count": 0,
    "updated": 0
  },
  {
    "id": "4c877875-b911-4da3-afbb-4fcbece701d6",
    "data": [
      {
        "text": "bonjour",
        "userDefined": false
      }
    ],
    "isTemplate": false,
    "count": 0,
    "updated": 0
  }
]