[
  {
    "value": "Alaska Airlines",
    "synonyms": [
      "Alaska Airlines",
      "Alaska"
    ]
  },
  {
    "value": "Allegiant Air",
    "synonyms": [
      "Allegiant Air"
    ]
  },
  {
    "value": "JetBlue",
    "synonyms": [
      "JetBlue"
    ]
  },
  {
    "value": "American Airlines",
    "synonyms": [
      "American Airlines",
      "American"
    ]
  },
  {
    "value": "Hawaiian Airlines",
    "synonyms": [
      "Hawaiian Airlines",
      "Hawaiian"
    ]
  },
  {
    "value": "Kingfisher",
    "synonyms": [
      "Kingfisher,Bengaluru"
    ]
  }
]